{
  "threshold": 0.01989683240878029,
  "threshold_metric": "f2",
  "best_val_metrics": {
    "precision": 0.8653846153846154,
    "recall": 0.9926470588235294,
    "f1": 0.9246575342465754,
    "f0_5": 0.8881578947368421,
    "f2": 0.9642857142857143,
    "accuracy": 0.9305993690851735,
    "auc_roc": 0.9904939876503087,
    "auprc": 0.9877588608209288,
    "mcc": 0.8678553322887939
  },
  "gamma": 1.0,
  "hybrid_metadata_enabled": true,
  "hybrid_metadata_requested": true,
  "hybrid_feature_names": [
    "raw_text_prob",
    "log_char_len",
    "log_token_count",
    "avg_token_len",
    "ocr_quality",
    "digit_ratio",
    "uppercase_ratio",
    "newline_density",
    "red_flag_count",
    "suspicious_segment_count",
    "english_keyword_ratio",
    "has_related_party",
    "has_invoice_risk",
    "has_cashflow_risk",
    "has_off_balance_risk",
    "financial_term_density_vn",
    "financial_term_density_en",
    "round_number_ratio",
    "accounting_code_count",
    "loss_keyword_count",
    "abnormal_profit_signal"
  ],
  "hybrid_scaler_mean": [
    0.33821009186835116,
    5.992691786371593,
    4.094417317339626,
    5.083847584614224,
    0.9533387952989296,
    0.11576678545535983,
    0.08176150874581012,
    0.0,
    0.0,
    0.0,
    0.00013145176079848274,
    0.0,
    0.0,
    0.0003940110323089047,
    0.0,
    0.0001158739760999658,
    0.0,
    0.0,
    7.653270291568164,
    0.5445232466509062,
    0.0
  ],
  "hybrid_scaler_scale": [
    0.4618799109835721,
    0.14378621101333777,
    0.13809426169922068,
    0.5531868761329146,
    0.027597378547766695,
    0.03953377281650885,
    0.03762203427979478,
    1.0,
    1.0,
    1.0,
    0.0015651019955695439,
    1.0,
    1.0,
    0.01984580025132069,
    1.0,
    0.0013538450692971115,
    1.0,
    1.0,
    3.659399517574949,
    0.7858753265075766,
    1.0
  ],
  "hybrid_coefficients": [
    5.343756363513183,
    -0.010892863464982382,
    0.028783433665401585,
    -0.336850024886804,
    0.2748678198123974,
    0.5682798099845199,
    -0.16345129988508247,
    0.0,
    0.0,
    0.0,
    0.050827473449742595,
    0.0,
    0.0,
    0.007125928981257874,
    0.0,
    -0.0040864738085160755,
    0.0,
    0.0,
    0.0026454463371432327,
    -0.48018483365497555,
    0.0
  ],
  "hybrid_intercept": -2.036614391848966,
  "hybrid_model_is_ready": true,
  "freeze_layers": 8,
  "learning_rate": 1e-05,
  "batch_size": 8,
  "epochs": 6,
  "patience": 3,
  "max_len": 256,
  "model_name": "vinai/phobert-base",
  "rule_bonus_per_flag": 0.05
}